variable,n,shapiro_W,p_value,non_normal_p_lt_0_05
AGE,86,0.8531031021705173,9.203594189248365e-08,True
total_acb_with_dph,86,0.8445627421196622,4.671319985945401e-08,True
total_acb_codrugs_only,86,0.5902670643392709,3.966726088455866e-14,True
n_codrugs,86,0.8794949393353511,8.805718795807362e-07,True
max_severity,86,0.70307408048278,6.7592038598455725e-12,True
